<xml xmlns="https://developers.google.com/blockly/xml" is_dbot="true" collection="false">
  <variables>
    <variable id="o!-=j_eJZCfW(+iV7;MS">Tick 1</variable>
    <variable id="sF6($OTq!BVWswgj}4|S">Prediction before loss</variable>
    <variable id="OPb$Wwph1|)^r0#|^^y}">Prediction after loss</variable>
    <variable id="7Q4y$nr_sr!x2NkOu%)2">Stake</variable>
    <variable id="$+Q3~hzlFiI[$SMrBNB?">Prediction</variable>
    <variable id="x`Ia+qCu@StiaJI^X([4">Entrypoint-Digit</variable>
    <variable id=":Z8WvPXWG?qCe|8=iii1">Expected Profit</variable>
    <variable id="S10~wx4EJ/w3gZZ;v77Y">Total Lost</variable>
    <variable id="+L:nET.PS2OXV5VNGInM">Analysis</variable>
    <variable id="L.cN$B-UUzkS|eDQm2xZ">Stop Loss</variable>
    <variable id="Op-Cim@t?DJN?i;G)w)C">Count Loss</variable>
    <variable id="~ZEk9Zr7t[g;-`afIGOO">Initial Stake</variable>
    <variable id="!mQjsA[]viO$7Gu~UzUn">Martingale Split</variable>
    <variable id="VK7:nSRSXJ=|#p(oAU9v">Payout %</variable>
  </variables>
  <block type="trade_definition" id="deUzn(1}F)X6;d+O#$A8" deletable="false" x="0" y="60">
    <statement name="TRADE_OPTIONS">
      <block type="trade_definition_market" id="*ZjSt,1/{;THl;IV%*sy" deletable="false" movable="false">
        <field name="MARKET_LIST">synthetic_index</field>
        <field name="SUBMARKET_LIST">random_index</field>
        <field name="SYMBOL_LIST">R_25</field>
        <next>
          <block type="trade_definition_tradetype" id="xzc0Sl`,#G4h{;usN50T" deletable="false" movable="false">
            <field name="TRADETYPECAT_LIST">digits</field>
            <field name="TRADETYPE_LIST">overunder</field>
            <next>
              <block type="trade_definition_contracttype" id="z9892C3%qM2{aa@jy]2]" deletable="false" movable="false">
                <field name="TYPE_LIST">DIGITOVER</field>
                <next>
                  <block type="trade_definition_candleinterval" id=";)B,zZH~+e,96QvZt*7;" deletable="false" movable="false">
                    <field name="CANDLEINTERVAL_LIST">60</field>
                    <next>
                      <block type="trade_definition_restartbuysell" id="5E?,-;gq5Qu_eyIs.)m!" deletable="false" movable="false">
                        <field name="TIME_MACHINE_ENABLED">FALSE</field>
                        <next>
                          <block type="trade_definition_restartonerror" id="?u~0^reDb~fVp[b-~w|G" deletable="false" movable="false">
                            <field name="RESTARTONERROR">TRUE</field>
                          </block>
                        </next>
                      </block>
                    </next>
                  </block>
                </next>
              </block>
            </next>
          </block>
        </next>
      </block>
    </statement>
    <statement name="INITIALIZATION">
      <block type="variables_set" id="4$5m(H*{`c4#S-)o=;aV">
        <field name="VAR" id="sF6($OTq!BVWswgj}4|S">Prediction before loss</field>
        <value name="VALUE">
          <block type="math_number" id="Ai5]{:#d~w;]%q`:p[h,">
            <field name="NUM">5</field>
          </block>
        </value>
        <next>
          <block type="variables_set" id="f;c!1^-bb9K7rQ{#3/l0">
            <field name="VAR" id="OPb$Wwph1|)^r0#|^^y}">Prediction after loss</field>
            <value name="VALUE">
              <block type="math_number" id="gT6?xbULKjs8^Sw?0iH%">
                <field name="NUM">5</field>
              </block>
            </value>
            <next>
              <block type="variables_set" id="_aSBe^/).nS{bwLbiE9n">
                <field name="VAR" id="x`Ia+qCu@StiaJI^X([4">Entrypoint-Digit</field>
                <value name="VALUE">
                  <block type="math_number" id="KR2=c$XO!b_Bgl_ASR4(">
                    <field name="NUM">6</field>
                  </block>
                </value>
                <next>
                  <block type="variables_set" id="y-?,og][*D.g)z`wz~sr">
                    <field name="VAR" id="7Q4y$nr_sr!x2NkOu%)2">Stake</field>
                    <value name="VALUE">
                      <block type="math_number" id="!TI[pk;TXnU%n?K/nH:^">
                        <field name="NUM">0.5</field>
                      </block>
                    </value>
                    <next>
                      <block type="variables_set" id="9.jN~btog59cUwf8:lPl">
                        <field name="VAR" id=":Z8WvPXWG?qCe|8=iii1">Expected Profit</field>
                        <value name="VALUE">
                          <block type="math_number" id=".`(0weVv%;N,|MA`*;Ll">
                            <field name="NUM">100</field>
                          </block>
                        </value>
                        <next>
                          <block type="variables_set" id="MpN0,W8A;joH2n#IXF@!">
                            <field name="VAR" id="L.cN$B-UUzkS|eDQm2xZ">Stop Loss</field>
                            <value name="VALUE">
                              <block type="math_number" id="tACLVvalL.#)Xxz`ZoBC">
                                <field name="NUM">150</field>
                              </block>
                            </value>
                            <next>
                              <block type="variables_set" id="-z^omJLEhT5`I:NZ;J=-">
                                <field name="VAR" id="~ZEk9Zr7t[g;-`afIGOO">Initial Stake</field>
                                <value name="VALUE">
                                  <block type="variables_get" id="SoAC,+VI6PpU1=/|ThHQ">
                                    <field name="VAR" id="7Q4y$nr_sr!x2NkOu%)2">Stake</field>
                                  </block>
                                </value>
                                <next>
                                  <block type="variables_set" id=":y8AYtv{x`8LFslg8@Pc">
                                    <field name="VAR" id="!mQjsA[]viO$7Gu~UzUn">Martingale Split</field>
                                    <value name="VALUE">
                                      <block type="math_number" id="LqV%S=;Xlb|o9}weJjz1">
                                        <field name="NUM">2.55</field>
                                      </block>
                                    </value>
                                    <next>
                                      <block type="variables_set" id="7A:2S/;VFh?W0fI|W^{]">
                                        <field name="VAR" id="VK7:nSRSXJ=|#p(oAU9v">Payout %</field>
                                        <value name="VALUE">
                                          <block type="math_number" id="*nsC7E`vh$_)]~v1u.#[">
                                            <field name="NUM">39</field>
                                          </block>
                                        </value>
                                        <next>
                                          <block type="variables_set" id="i-+y35ET%iNI#gfE=j}f">
                                            <field name="VAR" id="$+Q3~hzlFiI[$SMrBNB?">Prediction</field>
                                            <value name="VALUE">
                                              <block type="variables_get" id="lz5.rXO5Nim{3$+J{lQc">
                                                <field name="VAR" id="sF6($OTq!BVWswgj}4|S">Prediction before loss</field>
                                              </block>
                                            </value>
                                            <next>
                                              <block type="variables_set" id="8pGcw{d^D[X~Q9WWr9L$">
                                                <field name="VAR" id="+L:nET.PS2OXV5VNGInM">Analysis</field>
                                                <value name="VALUE">
                                                  <block type="text" id="CSPjU%E/2Z*fs-7r2@%|">
                                                    <field name="TEXT">analysis</field>
                                                  </block>
                                                </value>
                                              </block>
                                            </next>
                                          </block>
                                        </next>
                                      </block>
                                    </next>
                                  </block>
                                </next>
                              </block>
                            </next>
                          </block>
                        </next>
                      </block>
                    </next>
                  </block>
                </next>
              </block>
            </next>
          </block>
        </next>
      </block>
    </statement>
    <statement name="SUBMARKET">
      <block type="trade_definition_tradeoptions" id="+2=*XrtB:_,H.ZbX=p:?">
        <mutation xmlns="http://www.w3.org/1999/xhtml" has_first_barrier="false" has_second_barrier="false" has_prediction="true"></mutation>
        <field name="DURATIONTYPE_LIST">t</field>
        <value name="DURATION">
          <shadow type="math_number" id=".VN]5$PRz#[mu4gLEpE)">
            <field name="NUM">1</field>
          </shadow>
        </value>
        <value name="AMOUNT">
          <shadow type="math_number" id="uDV:;sle3{o8l:/liSA4">
            <field name="NUM">1</field>
          </shadow>
          <block type="variables_get" id="e8^MR4,v|mL$uYo-N2,7">
            <field name="VAR" id="7Q4y$nr_sr!x2NkOu%)2">Stake</field>
          </block>
        </value>
        <value name="PREDICTION">
          <shadow type="math_number_positive" id="TPq|^0-fOAE6+WMx8xBW">
            <field name="NUM">1</field>
          </shadow>
          <block type="variables_get" id="7M|Q{wh7BX?zpzY|TlN.">
            <field name="VAR" id="$+Q3~hzlFiI[$SMrBNB?">Prediction</field>
          </block>
        </value>
      </block>
    </statement>
  </block>
  <block type="after_purchase" id="ymTrZ2T/bD#hXN^}%;gD" x="893" y="60">
    <statement name="AFTERPURCHASE_STACK">
      <block type="controls_if" id="aZ/eJwRn+2B?g?#!Rb%#">
        <mutation xmlns="http://www.w3.org/1999/xhtml" elseif="1" else="1"></mutation>
        <value name="IF0">
          <block type="logic_compare" id="=CPoUAxWy4D?!*TdX_:Q">
            <field name="OP">GT</field>
            <value name="A">
              <block type="total_profit" id="%W]vwSTU2OHqSjiF#6vF"></block>
            </value>
            <value name="B">
              <block type="variables_get" id="u{$,)w%F3EH+k_ppwTuh">
                <field name="VAR" id=":Z8WvPXWG?qCe|8=iii1">Expected Profit</field>
              </block>
            </value>
          </block>
        </value>
        <statement name="DO0">
          <block type="text_print" id="|Bt@lk?nm]DJsMj6R9gL">
            <value name="TEXT">
              <shadow type="text" id="5C$_ikZU;qy%c0,S,qPg">
                <field name="TEXT">TP hit</field>
              </shadow>
            </value>
          </block>
        </statement>
        <value name="IF1">
          <block type="logic_compare" id="z5WP~8PDdgsb($NhN;$|">
            <field name="OP">LTE</field>
            <value name="A">
              <block type="total_profit" id="U(mi=kxH#ytDrvpszM,|"></block>
            </value>
            <value name="B">
              <block type="math_single" id="?vi^Mf0IMKgiWl?7(kXF">
                <field name="OP">NEG</field>
                <value name="NUM">
                  <shadow type="math_number" id="G5%tZ/b;7*ZdUOhD/7]Y">
                    <field name="NUM">9</field>
                  </shadow>
                  <block type="variables_get" id="%0X#dsb^67G_o-lF}4z#">
                    <field name="VAR" id="L.cN$B-UUzkS|eDQm2xZ">Stop Loss</field>
                  </block>
                </value>
              </block>
            </value>
          </block>
        </value>
        <statement name="DO1">
          <block type="text_print" id="W[bg`R=Gq/~{0M#AfLt}">
            <value name="TEXT">
              <shadow type="text" id="su#SP}OYEm942K4~)nLH">
                <field name="TEXT">SL hit</field>
              </shadow>
            </value>
          </block>
        </statement>
        <statement name="ELSE">
          <block type="controls_if" id="*Gyn=E:%D.Zg+QXU4/5B">
            <mutation xmlns="http://www.w3.org/1999/xhtml" else="1"></mutation>
            <value name="IF0">
              <block type="contract_check_result" id="4dW}cXg#gmD#,,rnEyQ*">
                <field name="CHECK_RESULT">loss</field>
              </block>
            </value>
            <statement name="DO0">
              <block type="math_change" id="DmlXTt^a/Pz.1ZcJ1[DB">
                <field name="VAR" id="S10~wx4EJ/w3gZZ;v77Y">Total Lost</field>
                <value name="DELTA">
                  <shadow type="math_number" id="@KJq1;gh,*]xXvHs%wR]">
                    <field name="NUM">1</field>
                  </shadow>
                  <block type="variables_get" id="5OL;;LN/RE~[8skE!*`8">
                    <field name="VAR" id="7Q4y$nr_sr!x2NkOu%)2">Stake</field>
                  </block>
                </value>
                <next>
                  <block type="controls_if" id="vJz]y7]1v7[Lay.S9|RQ">
                    <value name="IF0">
                      <block type="logic_compare" id="TiYBy5{NUh21rh!]WP1{">
                        <field name="OP">GT</field>
                        <value name="A">
                          <block type="variables_get" id="_f9{!u:oct6GDaaZc/?t">
                            <field name="VAR" id="Op-Cim@t?DJN?i;G)w)C">Count Loss</field>
                          </block>
                        </value>
                        <value name="B">
                          <block type="math_number" id="!1:Qc)Cp#@{W$~?Jc;jw">
                            <field name="NUM">0</field>
                          </block>
                        </value>
                      </block>
                    </value>
                    <statement name="DO0">
                      <block type="variables_set" id="CB;A*!5?-TW-xF)m}DIX">
                        <field name="VAR" id="Op-Cim@t?DJN?i;G)w)C">Count Loss</field>
                        <value name="VALUE">
                          <block type="math_number" id="6)f[75M@_[kv*{G8[P6y">
                            <field name="NUM">0</field>
                          </block>
                        </value>
                      </block>
                    </statement>
                  </block>
                </next>
              </block>
            </statement>
            <statement name="ELSE">
              <block type="variables_set" id="He_x6j*4kHFBYva,NX(%">
                <field name="VAR" id="$+Q3~hzlFiI[$SMrBNB?">Prediction</field>
                <value name="VALUE">
                  <block type="variables_get" id="y!8w@QY!!M{={xj7YcAc">
                    <field name="VAR" id="OPb$Wwph1|)^r0#|^^y}">Prediction after loss</field>
                  </block>
                </value>
                <next>
                  <block type="variables_set" id="{Bzpl6Bze5j1=9;KTYo!">
                    <field name="VAR" id="+L:nET.PS2OXV5VNGInM">Analysis</field>
                    <value name="VALUE">
                      <block type="text" id="Ko,r`,iWR)zE2?zoQPy*">
                        <field name="TEXT">gk</field>
                      </block>
                    </value>
                    <next>
                      <block type="math_change" id="[(u[h.H,+ZSePi._I#Ae">
                        <field name="VAR" id="S10~wx4EJ/w3gZZ;v77Y">Total Lost</field>
                        <value name="DELTA">
                          <shadow type="math_number" id=";vm%OPmNCN=gCQW)(t@S">
                            <field name="NUM">1</field>
                          </shadow>
                          <block type="math_single" id=";pMO[^7+@pX!F6{PO,cu">
                            <field name="OP">NEG</field>
                            <value name="NUM">
                              <shadow type="math_number" id=")8P8lMVf0i}%mC/@]7-e">
                                <field name="NUM">9</field>
                              </shadow>
                            </value>
                          </block>
                        </value>
                        <next>
                          <block type="controls_if" id="KJ*,2)^Zgv|0RqFOPd5Q">
                            <value name="IF0">
                              <block type="logic_compare" id="J%ddIHb)=I-TK|Sh!0m5">
                                <field name="OP">LT</field>
                                <value name="A">
                                  <block type="variables_get" id="Mnd!`VtpYWWTyGQ/Ln4Q">
                                    <field name="VAR" id="S10~wx4EJ/w3gZZ;v77Y">Total Lost</field>
                                  </block>
                                </value>
                                <value name="B">
                                  <block type="math_number" id="xP:|X^Iyz=23f|,p!OT5">
                                    <field name="NUM">0</field>
                                  </block>
                                </value>
                              </block>
                            </value>
                            <statement name="DO0">
                              <block type="variables_set" id="4rv~sV-aHjztXMjoEE^Q">
                                <field name="VAR" id="S10~wx4EJ/w3gZZ;v77Y">Total Lost</field>
                                <value name="VALUE">
                                  <block type="math_number" id="efYt//0}X;(,x:NR](*B">
                                    <field name="NUM">0</field>
                                  </block>
                                </value>
                              </block>
                            </statement>
                          </block>
                        </next>
                      </block>
                    </next>
                  </block>
                </next>
              </block>
            </statement>
            <next>
              <block type="controls_if" id="fEu5CRw~xV5XY~ZPY6^g">
                <mutation xmlns="http://www.w3.org/1999/xhtml" else="1"></mutation>
                <value name="IF0">
                  <block type="logic_compare" id="7N2#NJB0lz;$BIBSY#7:">
                    <field name="OP">GT</field>
                    <value name="A">
                      <block type="variables_get" id="Ru9Qzl:Aj3:mEyS[xFFh">
                        <field name="VAR" id="S10~wx4EJ/w3gZZ;v77Y">Total Lost</field>
                      </block>
                    </value>
                    <value name="B">
                      <block type="math_number" id="{~q2nK%||rPAI=dKBC6u">
                        <field name="NUM">0</field>
                      </block>
                    </value>
                  </block>
                </value>
                <statement name="DO0">
                  <block type="variables_set" id="``9Ns8YsZLkiMUlVV[f?">
                    <field name="VAR" id="+L:nET.PS2OXV5VNGInM">Analysis</field>
                    <value name="VALUE">
                      <block type="text" id="/U]vn-l$[/eR^sx2f@H5">
                        <field name="TEXT">duke</field>
                      </block>
                    </value>
                    <next>
                      <block type="math_change" id="5/jGQV7l?U^^ZK#Gl~jH">
                        <field name="VAR" id="Op-Cim@t?DJN?i;G)w)C">Count Loss</field>
                        <value name="DELTA">
                          <shadow type="math_number" id="H:-3cL?I-*LgT*^_=0cF">
                            <field name="NUM">1</field>
                          </shadow>
                        </value>
                        <next>
                          <block type="controls_if" id="poO+9^__{8%X[FxTy[Q)">
                            <value name="IF0">
                              <block type="logic_compare" id="yx3cUC728v|o(o*8tiM*">
                                <field name="OP">EQ</field>
                                <value name="A">
                                  <block type="variables_get" id="U;a?%DCjzJNaT!W%_k;p">
                                    <field name="VAR" id="Op-Cim@t?DJN?i;G)w)C">Count Loss</field>
                                  </block>
                                </value>
                                <value name="B">
                                  <block type="math_number" id="F!|~%qyh$eUvJ~Ck8DN7">
                                    <field name="NUM">1</field>
                                  </block>
                                </value>
                              </block>
                            </value>
                            <statement name="DO0">
                              <block type="variables_set" id="sJn7HO6,bB6MF!/^y8~[">
                                <field name="VAR" id="$+Q3~hzlFiI[$SMrBNB?">Prediction</field>
                                <value name="VALUE">
                                  <block type="variables_get" id="GC@fih|#VBqf!uGNE%$m">
                                    <field name="VAR" id="OPb$Wwph1|)^r0#|^^y}">Prediction after loss</field>
                                  </block>
                                </value>
                                <next>
                                  <block type="variables_set" id="I2/{Y9F%^SE^zVF)-jL`">
                                    <field name="VAR" id="7Q4y$nr_sr!x2NkOu%)2">Stake</field>
                                    <value name="VALUE">
                                      <block type="math_arithmetic" id="vmwp:KfA,IW}yAO3,.F~">
                                        <field name="OP">DIVIDE</field>
                                        <value name="A">
                                          <shadow type="math_number" id="K/FHvn1QO4e4z4v:OzHy">
                                            <field name="NUM">1</field>
                                          </shadow>
                                          <block type="math_arithmetic" id="C2ia/?FqFCO|r@9|cl,;">
                                            <field name="OP">MULTIPLY</field>
                                            <value name="A">
                                              <shadow type="math_number" id="(_{`7M`XGN8N[M_7O!N,">
                                                <field name="NUM">1</field>
                                              </shadow>
                                              <block type="variables_get" id="?VzvCm3c1bSI8%=cEw|u">
                                                <field name="VAR" id="S10~wx4EJ/w3gZZ;v77Y">Total Lost</field>
                                              </block>
                                            </value>
                                            <value name="B">
                                              <shadow type="math_number" id="%^OafCLE@JX!L;@i/#n,">
                                                <field name="NUM">1</field>
                                              </shadow>
                                              <block type="math_arithmetic" id="R6m56UI(u~~z]dH/:CG`">
                                                <field name="OP">DIVIDE</field>
                                                <value name="A">
                                                  <shadow type="math_number" id="a2wvoTV=+sFF]BZ0cL?,">
                                                    <field name="NUM">100</field>
                                                  </shadow>
                                                </value>
                                                <value name="B">
                                                  <shadow type="math_number" id="^?b7^);In|`Ec::.uyh5">
                                                    <field name="NUM">24</field>
                                                  </shadow>
                                                  <block type="variables_get" id="]2D;spPi[pG/x~r_{wpU">
                                                    <field name="VAR" id="VK7:nSRSXJ=|#p(oAU9v">Payout %</field>
                                                  </block>
                                                </value>
                                              </block>
                                            </value>
                                          </block>
                                        </value>
                                        <value name="B">
                                          <shadow type="math_number" id="cFb#@DcZ:{~P+Fp#{adm">
                                            <field name="NUM">1</field>
                                          </shadow>
                                          <block type="variables_get" id="l3s.,44;O?Y?6Y9Wn.J[">
                                            <field name="VAR" id="!mQjsA[]viO$7Gu~UzUn">Martingale Split</field>
                                          </block>
                                        </value>
                                      </block>
                                    </value>
                                  </block>
                                </next>
                              </block>
                            </statement>
                          </block>
                        </next>
                      </block>
                    </next>
                  </block>
                </statement>
                <statement name="ELSE">
                  <block type="variables_set" id=":GL+TqjAhT}R9`R7a)r-">
                    <field name="VAR" id="Op-Cim@t?DJN?i;G)w)C">Count Loss</field>
                    <value name="VALUE">
                      <block type="math_number" id="?F8*!~Iw*,Cl2E%-xZ?f">
                        <field name="NUM">0</field>
                      </block>
                    </value>
                    <next>
                      <block type="variables_set" id="d`pWAxZ)-H`DyzU@)We:">
                        <field name="VAR" id="+L:nET.PS2OXV5VNGInM">Analysis</field>
                        <value name="VALUE">
                          <block type="text" id=",VaK^!c3pIK`a3k:8*UG">
                            <field name="TEXT">gk</field>
                          </block>
                        </value>
                        <next>
                          <block type="variables_set" id="lZN2-r.!$w$!$0jIytwR">
                            <field name="VAR" id="7Q4y$nr_sr!x2NkOu%)2">Stake</field>
                            <value name="VALUE">
                              <block type="variables_get" id="oPs59-gAp.s,G2l8JwZF">
                                <field name="VAR" id="~ZEk9Zr7t[g;-`afIGOO">Initial Stake</field>
                              </block>
                            </value>
                            <next>
                              <block type="variables_set" id="tmEYS!$HHZK`jx;}?@@$">
                                <field name="VAR" id="$+Q3~hzlFiI[$SMrBNB?">Prediction</field>
                                <value name="VALUE">
                                  <block type="variables_get" id="HmhEF.Mk,SNCZfE_et#K">
                                    <field name="VAR" id="sF6($OTq!BVWswgj}4|S">Prediction before loss</field>
                                  </block>
                                </value>
                              </block>
                            </next>
                          </block>
                        </next>
                      </block>
                    </next>
                  </block>
                </statement>
                <next>
                  <block type="controls_if" id="J+v4dmlVZEBry+%nA/?@">
                    <value name="IF0">
                      <block type="logic_compare" id="Q$x}DoiS]BBd,.}1#?D{">
                        <field name="OP">LT</field>
                        <value name="A">
                          <block type="variables_get" id="jyfJ,z=)uq(o$?aOvJy/">
                            <field name="VAR" id="7Q4y$nr_sr!x2NkOu%)2">Stake</field>
                          </block>
                        </value>
                        <value name="B">
                          <block type="math_number" id="Akj}7JIvuT)!kwrNj-JD">
                            <field name="NUM">0.35</field>
                          </block>
                        </value>
                      </block>
                    </value>
                    <statement name="DO0">
                      <block type="variables_set" id="|dkn|CT8tQLSHu4NmLyy">
                        <field name="VAR" id="7Q4y$nr_sr!x2NkOu%)2">Stake</field>
                        <value name="VALUE">
                          <block type="math_number" id="s(vOxwBuk{KQ7Pqc_Z3)">
                            <field name="NUM">0.35</field>
                          </block>
                        </value>
                      </block>
                    </statement>
                    <next>
                      <block type="trade_again" id="C+Xpw8f|N)y`_}N2BA6p"></block>
                    </next>
                  </block>
                </next>
              </block>
            </next>
          </block>
        </statement>
      </block>
    </statement>
  </block>
  <block type="before_purchase" id="MEfW!,-IYA)Nw|N9:]Q]" deletable="false" x="0" y="1174">
    <statement name="BEFOREPURCHASE_STACK">
      <block type="controls_if" id="R0vsH,PsJ=PiWfihffVt">
        <mutation xmlns="http://www.w3.org/1999/xhtml" elseif="1" else="1"></mutation>
        <value name="IF0">
          <block type="logic_compare" id="^HM6~adG*H,NCT{Wbjh:">
            <field name="OP">EQ</field>
            <value name="A">
              <block type="variables_get" id="H7PW59RD?,Kp?xpJN!c.">
                <field name="VAR" id="+L:nET.PS2OXV5VNGInM">Analysis</field>
              </block>
            </value>
            <value name="B">
              <block type="text" id="bl*30(v6`wbHz=v;rA!n">
                <field name="TEXT">analysis</field>
              </block>
            </value>
          </block>
        </value>
        <statement name="DO0">
          <block type="controls_if" id=")l1fu6j4Picu4#dk`oYK">
            <value name="IF0">
              <block type="logic_compare" id="YDm+8EqUYBhaq.NKEp(~">
                <field name="OP">EQ</field>
                <value name="A">
                  <block type="variables_get" id="h+w4=F)E*A#TqpF:{tjr">
                    <field name="VAR" id="o!-=j_eJZCfW(+iV7;MS">Tick 1</field>
                  </block>
                </value>
                <value name="B">
                  <block type="variables_get" id=".b/[NSo_Mz(b6aE81#V)">
                    <field name="VAR" id="x`Ia+qCu@StiaJI^X([4">Entrypoint-Digit</field>
                  </block>
                </value>
              </block>
            </value>
            <statement name="DO0">
              <block type="purchase" id="}r*yvilCpp|yBfu,h0XQ">
                <field name="PURCHASE_LIST">DIGITOVER</field>
              </block>
            </statement>
          </block>
        </statement>
        <value name="IF1">
          <block type="logic_compare" id="xXd9JKFx4pk]?ruXi_)Q">
            <field name="OP">EQ</field>
            <value name="A">
              <block type="variables_get" id="?W~D%e;EO6*1n?vUBo[K">
                <field name="VAR" id="+L:nET.PS2OXV5VNGInM">Analysis</field>
              </block>
            </value>
            <value name="B">
              <block type="text" id="S+;:1.@y=QJ|.W}#68lZ">
                <field name="TEXT">gk</field>
              </block>
            </value>
          </block>
        </value>
        <statement name="DO1">
          <block type="purchase" id="y##,n;wL^|q=goEmPC2$">
            <field name="PURCHASE_LIST">DIGITOVER</field>
          </block>
        </statement>
        <statement name="ELSE">
          <block type="controls_if" id="=#FQ-DvRG:x+k:/=:zpM">
            <value name="IF0">
              <block type="logic_compare" id=",I!4r$s27MG}~,]ac,}h">
                <field name="OP">EQ</field>
                <value name="A">
                  <block type="variables_get" id="_P#Y0$pohq8}Ts^*+c:p">
                    <field name="VAR" id="+L:nET.PS2OXV5VNGInM">Analysis</field>
                  </block>
                </value>
                <value name="B">
                  <block type="text" id="}_#oKJ4,?b`kFm]uz;w5">
                    <field name="TEXT">duke</field>
                  </block>
                </value>
              </block>
            </value>
            <statement name="DO0">
              <block type="purchase" id="@w./?:~T8G.y@4qE+ODW">
                <field name="PURCHASE_LIST">DIGITOVER</field>
              </block>
            </statement>
          </block>
        </statement>
      </block>
    </statement>
  </block>
  <block type="tick_analysis" id="@BqMT#eB?~r!*!lw$Cte" x="0" y="1901">
    <statement name="TICKANALYSIS_STACK">
      <block type="variables_set" id="@%.cH#mIqC)Wl4$9ol(m">
        <field name="VAR" id="o!-=j_eJZCfW(+iV7;MS">Tick 1</field>
        <value name="VALUE">
          <block type="lists_getIndex" id="HA?F321LSW(X6htiNCx{">
            <mutation xmlns="http://www.w3.org/1999/xhtml" statement="false" at="true"></mutation>
            <field name="MODE">GET</field>
            <field name="WHERE">FROM_END</field>
            <value name="VALUE">
              <block type="lastDigitList" id="gX804KiYdl6~UquqaPP)"></block>
            </value>
            <value name="AT">
              <block type="math_number" id="=edszCSX?p`sSO0OlO0(">
                <field name="NUM">1</field>
              </block>
            </value>
          </block>
        </value>
      </block>
    </statement>
  </block>
  <block type="variables_set" id=".7kiWtQf5V/xy6!C!g7." disabled="true" x="0" y="2085">
    <field name="VAR" id="o!-=j_eJZCfW(+iV7;MS">Tick 1</field>
  </block>
</xml>